<?xml version="1.0" encoding="utf-8"?>
<install version="1.6" type="plugin" group="system">
	<name>Tapatalk Kunena Plugin</name>
	<author>Tapatalk Team</author>
	<creationDate>August 2012</creationDate>
	<copyright>Copyright (C) Quoord Systems Ltd. All rights reserved.</copyright>
	<license></license>
	<authorEmail></authorEmail>
	<authorUrl>www.tapatalk.com</authorUrl>
	<version>kn20_0.1.0</version>
	<description>Tapatalk Kunena Plugin</description>
	<files>
		<filename plugin="tapatalk">tapatalk.php</filename>
	</files>
</install>
